{"id":"2c3b232d-a474-4d6a-8c95-5b38ac096283","revision":0,"last_node_id":151,"last_link_id":291,"nodes":[{"id":129,"type":"ZNormalizeNode","pos":[1180.0054931640625,-729.2772216796875],"size":[272.4375,82],"flags":{},"order":14,"mode":0,"inputs":[{"localized_name":"image","name":"image","type":"IMAGE","link":243},{"localized_name":"min_depth","name":"min_depth","type":"FLOAT","widget":{"name":"min_depth"},"link":null},{"localized_name":"max_depth","name":"max_depth","type":"FLOAT","widget":{"name":"max_depth"},"link":null}],"outputs":[{"localized_name":"normalized_depth_image","name":"normalized_depth_image","type":"IMAGE","links":[256]}],"properties":{"cnr_id":"cocotools_io","ver":"ff9dbf2f90159b8e08e12f4dc875aa8fbbcc4c00","Node name for S&R":"ZNormalizeNode"},"widgets_values":[0,0.10000000000000002]},{"id":142,"type":"PreviewImage","pos":[794.2015380859375,-1293.5029296875],"size":[323.0854797363281,295.1605529785156],"flags":{},"order":11,"mode":0,"inputs":[{"localized_name":"images","name":"images","type":"IMAGE","link":268}],"outputs":[],"properties":{"cnr_id":"comfy-core","ver":"0.3.44","Node name for S&R":"PreviewImage"},"widgets_values":[]},{"id":137,"type":"WTFDebugNode","pos":[430.7371826171875,278.2013244628906],"size":[391.6265869140625,431.61383056640625],"flags":{},"order":9,"mode":0,"inputs":[{"localized_name":"anything","name":"anything","type":"*","link":291}],"outputs":[],"properties":{"cnr_id":"debugnode-comfyui","ver":"1.1.1","Node name for S&R":"WTFDebugNode","aux_id":"webfiltered/DebugNode-ComfyUI"},"widgets_values":[]},{"id":69,"type":"PreviewImage","pos":[419.5577392578125,-1275.8236083984375],"size":[323.0854797363281,295.1605529785156],"flags":{},"order":10,"mode":0,"inputs":[{"localized_name":"images","name":"images","type":"IMAGE","link":252}],"outputs":[],"properties":{"cnr_id":"comfy-core","ver":"0.3.44","Node name for S&R":"PreviewImage"},"widgets_values":[]},{"id":143,"type":"MaskToImage","pos":[828.5006103515625,-1403.9029541015625],"size":[184.62362670898438,26],"flags":{},"order":5,"mode":0,"inputs":[{"localized_name":"mask","name":"mask","type":"MASK","link":287}],"outputs":[{"localized_name":"IMAGE","name":"IMAGE","type":"IMAGE","links":[268]}],"properties":{"cnr_id":"comfy-core","ver":"0.3.44","Node name for S&R":"MaskToImage"},"widgets_values":[]},{"id":141,"type":"WTFDebugNode","pos":[423.2242126464844,-690.652099609375],"size":[288.96868896484375,199.78988647460938],"flags":{},"order":7,"mode":0,"inputs":[{"localized_name":"anything","name":"anything","type":"*","link":289}],"outputs":[],"properties":{"cnr_id":"debugnode-comfyui","ver":"1.1.1","Node name for S&R":"WTFDebugNode","aux_id":"webfiltered/DebugNode-ComfyUI"},"widgets_values":[]},{"id":67,"type":"PreviewImage","pos":[773.77978515625,-687.7500610351562],"size":[261.5470275878906,253.4022979736328],"flags":{},"order":13,"mode":0,"inputs":[{"localized_name":"images","name":"images","type":"IMAGE","link":244}],"outputs":[],"properties":{"cnr_id":"comfy-core","ver":"0.3.44","Node name for S&R":"PreviewImage"},"widgets_values":[]},{"id":128,"type":"ColorspaceNode","pos":[1182.2362060546875,-863.476318359375],"size":[270,82],"flags":{},"order":12,"mode":0,"inputs":[{"localized_name":"images","name":"images","type":"IMAGE","link":242},{"localized_name":"from_colorspace","name":"from_colorspace","type":"COMBO","widget":{"name":"from_colorspace"},"link":null},{"localized_name":"to_colorspace","name":"to_colorspace","type":"COMBO","widget":{"name":"to_colorspace"},"link":null}],"outputs":[{"localized_name":"IMAGE","name":"IMAGE","type":"IMAGE","links":[243]}],"properties":{"cnr_id":"cocotools_io","ver":"ff9dbf2f90159b8e08e12f4dc875aa8fbbcc4c00","Node name for S&R":"ColorspaceNode"},"widgets_values":["Raw","Rec.709"]},{"id":134,"type":"PreviewImage","pos":[1189.1539306640625,-550.1947021484375],"size":[261.5470275878906,253.4022979736328],"flags":{},"order":15,"mode":0,"inputs":[{"localized_name":"images","name":"images","type":"IMAGE","link":256}],"outputs":[],"properties":{"cnr_id":"comfy-core","ver":"0.3.44","Node name for S&R":"PreviewImage"},"widgets_values":[]},{"id":149,"type":"Note","pos":[434.67132568359375,-426.9302978515625],"size":[271.3953552246094,177.44186401367188],"flags":{},"order":0,"mode":0,"inputs":[],"outputs":[],"properties":{},"widgets_values":["The layer names are what you should use to load the specific layers in a \"Load EXR Layer by Name\" node"],"color":"#432","bgcolor":"#653"},{"id":127,"type":"LoadExrLayerByName","pos":[414.4118957519531,-853.3021850585938],"size":[302.2232360839844,102],"flags":{},"order":6,"mode":0,"inputs":[{"localized_name":"layers","name":"layers","type":"LAYERS","link":288},{"localized_name":"layer_name","name":"layer_name","type":"STRING","widget":{"name":"layer_name"},"link":null},{"localized_name":"conversion","name":"conversion","shape":7,"type":"COMBO","widget":{"name":"conversion"},"link":null}],"outputs":[{"localized_name":"image","name":"image","type":"IMAGE","links":[242,244]},{"localized_name":"mask","name":"mask","type":"MASK","links":null}],"title":"Load EXR Layer by Name","properties":{"cnr_id":"cocotools_io","ver":"ff9dbf2f90159b8e08e12f4dc875aa8fbbcc4c00","Node name for S&R":"LoadExrLayerByName"},"widgets_values":["ao","Auto"]},{"id":148,"type":"Note","pos":[861.25927734375,-125.77428436279297],"size":[330.5789489746094,209.6666717529297],"flags":{},"order":1,"mode":0,"inputs":[],"outputs":[],"properties":{},"widgets_values":["EXR's save Layers and channels in a multitude of patterns and can be named any string given to them.  \n\nThis raw layer info is here to elucidate what is happening in each file, show each layer and channel present.\n\n\nTo go even further there is a gigantic amount of info stored inside these files as well.\n\nThe metadata will export a json formatted dump of everything in the file/files"],"color":"#432","bgcolor":"#653"},{"id":126,"type":"ColorspaceNode","pos":[444.1439514160156,-1418.427978515625],"size":[270,82],"flags":{},"order":4,"mode":0,"inputs":[{"localized_name":"images","name":"images","type":"IMAGE","link":286},{"localized_name":"from_colorspace","name":"from_colorspace","type":"COMBO","widget":{"name":"from_colorspace"},"link":null},{"localized_name":"to_colorspace","name":"to_colorspace","type":"COMBO","widget":{"name":"to_colorspace"},"link":null}],"outputs":[{"localized_name":"IMAGE","name":"IMAGE","type":"IMAGE","links":[252]}],"properties":{"cnr_id":"cocotools_io","ver":"ff9dbf2f90159b8e08e12f4dc875aa8fbbcc4c00","Node name for S&R":"ColorspaceNode"},"widgets_values":["Raw","sRGB"]},{"id":151,"type":"LoadExrSequence","pos":[-167.1421356201172,-883.9916381835938],"size":[270.3472595214844,274],"flags":{},"order":2,"mode":0,"inputs":[{"localized_name":"sequence_path","name":"sequence_path","type":"STRING","widget":{"name":"sequence_path"},"link":null},{"localized_name":"start_frame","name":"start_frame","type":"INT","widget":{"name":"start_frame"},"link":null},{"localized_name":"end_frame","name":"end_frame","type":"INT","widget":{"name":"end_frame"},"link":null},{"localized_name":"frame_step","name":"frame_step","type":"INT","widget":{"name":"frame_step"},"link":null},{"localized_name":"normalize","name":"normalize","type":"BOOLEAN","widget":{"name":"normalize"},"link":null}],"outputs":[{"localized_name":"sequence","name":"sequence","type":"IMAGE","links":[286]},{"localized_name":"alpha","name":"alpha","type":"MASK","links":[287]},{"localized_name":"cryptomatte","name":"cryptomatte","type":"CRYPTOMATTE","links":null},{"localized_name":"layers","name":"layers","type":"LAYERS","links":[288]},{"localized_name":"layer names","name":"layer names","type":"STRING","links":[289]},{"localized_name":"raw layer info","name":"raw layer info","type":"STRING","links":[290]},{"localized_name":"metadata","name":"metadata","type":"STRING","links":[291]}],"properties":{"cnr_id":"cocotools_io","ver":"ff9dbf2f90159b8e08e12f4dc875aa8fbbcc4c00","Node name for S&R":"LoadExrSequence"},"widgets_values":["path/to/sequence_####.exr",1,100,1,false]},{"id":140,"type":"WTFDebugNode","pos":[426.3560485839844,-129.3087921142578],"size":[396.1719055175781,331.7623291015625],"flags":{},"order":8,"mode":0,"inputs":[{"localized_name":"anything","name":"anything","type":"*","link":290}],"outputs":[],"properties":{"cnr_id":"debugnode-comfyui","ver":"1.1.1","Node name for S&R":"WTFDebugNode","aux_id":"webfiltered/DebugNode-ComfyUI"},"widgets_values":[]},{"id":150,"type":"Note","pos":[-172.98321533203125,-1106.8221435546875],"size":[283,155],"flags":{},"order":3,"mode":0,"inputs":[],"outputs":[],"properties":{},"widgets_values":["path for sequences use #### as a wildcard format.  \n\nThis will find your image sequence as long as they have some sort of sequence frame integers in the filenames\n\nstart frame 1 and  ###  = 001\nstart frame 10 and  ####  = 0010\nstart frame 1001 and #### = 1001"],"color":"#432","bgcolor":"#653"}],"links":[[242,127,0,128,0,"IMAGE"],[243,128,0,129,0,"IMAGE"],[244,127,0,67,0,"IMAGE"],[252,126,0,69,0,"IMAGE"],[256,129,0,134,0,"IMAGE"],[268,143,0,142,0,"IMAGE"],[286,151,0,126,0,"IMAGE"],[287,151,1,143,0,"MASK"],[288,151,3,127,0,"LAYERS"],[289,151,4,141,0,"STRING"],[290,151,5,140,0,"STRING"],[291,151,6,137,0,"STRING"]],"groups":[],"config":{},"extra":{"ds":{"scale":0.56,"offset":[2070.2724014029964,1640.0318094917407]}},"version":0.4}